{
	"info": {
		"_postman_id": "b2fdf3b0-22fe-4bd2-a2cd-cd5ce6d20a2a",
		"name": "Booking Agency",
		"schema": "https://schema.getpostman.com/json/collection/v2.1.0/collection.json",
		"_exporter_id": "22544296"
	},
	"item": [
		{
			"name": "Get Open Bookings Per Operator",
			"request": {
				"method": "GET",
				"header": [],
				"url": {
					"raw": "http://localhost:9091/bookings/openSlots/operator/1",
					"protocol": "http",
					"host": [
						"localhost"
					],
					"port": "9091",
					"path": [
						"bookings",
						"openSlots",
						"operator",
						"1"
					]
				}
			},
			"response": []
		},
		{
			"name": "New Booking",
			"request": {
				"method": "POST",
				"header": [
					{
						"key": "Content-Type",
						"value": "application/json",
						"uuid": "ba14e940-90a4-4ce9-a9c4-9d572c217a7d"
					}
				],
				"body": {
					"mode": "raw",
					"raw": "{\r\n    \"operatorId\": 1,\r\n    \"startTime\": 9,\r\n    \"endTime\": 11\r\n}"
				},
				"url": {
					"raw": "http://localhost:8080/bookings",
					"protocol": "http",
					"host": [
						"localhost"
					],
					"port": "8080",
					"path": [
						"bookings"
					]
				},
				"description": "Generated from cURL: curl -X POST \\\r\n  http://localhost:8080/bookings \\\r\n  -H 'Content-Type: application/json' \\\r\n  -d '{\r\n    \"operatorId\": 1,\r\n    \"startTime\": 9,\r\n    \"endTime\": 11\r\n}'"
			},
			"response": []
		},
		{
			"name": "Get Bookings Per Operator",
			"request": {
				"method": "GET",
				"header": [],
				"url": {
					"raw": "http://localhost:9091/bookings/operator/1",
					"protocol": "http",
					"host": [
						"localhost"
					],
					"port": "9091",
					"path": [
						"bookings",
						"operator",
						"1"
					]
				}
			},
			"response": []
		},
		{
			"name": "Cancel Booking",
			"request": {
				"method": "GET",
				"header": []
			},
			"response": []
		},
		{
			"name": "Reschedule Booking",
			"request": {
				"method": "PUT",
				"header": [
					{
						"key": "Content-Type",
						"value": "application/json",
						"uuid": "3ea702a0-5218-4f41-a161-a9b6d1dad971"
					}
				],
				"body": {
					"mode": "raw",
					"raw": "{\r\n    \"newStartTime\": 10,\r\n    \"newEndTime\": 12\r\n}"
				},
				"url": {
					"raw": "http://localhost:8080/bookings/1",
					"protocol": "http",
					"host": [
						"localhost"
					],
					"port": "8080",
					"path": [
						"bookings",
						"1"
					]
				},
				"description": "Generated from cURL: curl -X PUT \\\r\n  http://localhost:8080/bookings/1 \\\r\n  -H 'Content-Type: application/json' \\\r\n  -d '{\r\n    \"newStartTime\": 10,\r\n    \"newEndTime\": 12\r\n}'"
			},
			"response": []
		}
	]
}